condition,error_type,rank,path,dataset,source_class,label,prediction,probability
clean,false_positive,1,WildFake_demo/Images/Real/coco/coco2017/val2017/img159953.jpg,WildFake_demo,real,0,1,0.99951171875
clean,false_positive,2,WildFake_demo/Images/Real/coco/coco2017/val2017/img160993.jpg,WildFake_demo,real,0,1,0.99951171875
clean,false_positive,3,WildFake_demo/Images/Real/coco/coco2017/val2017/img163818.jpg,WildFake_demo,real,0,1,0.9990234375
clean,false_positive,4,WildFake_demo/Images/Real/coco/coco2017/val2017/img161581.jpg,WildFake_demo,real,0,1,0.9990234375
clean,false_positive,5,WildFake_demo/Images/Real/coco/coco2017/val2017/img161863.jpg,WildFake_demo,real,0,1,0.998046875
clean,false_positive,6,WildFake_demo/Images/Real/coco/coco2017/val2017/img160075.jpg,WildFake_demo,real,0,1,0.998046875
clean,false_positive,7,WildFake_demo/Images/Real/coco/coco2017/val2017/img159707.jpg,WildFake_demo,real,0,1,0.99755859375
clean,false_positive,8,WildFake_demo/Images/Real/coco/coco2017/val2017/img162732.jpg,WildFake_demo,real,0,1,0.99755859375
clean,false_positive,9,WildFake_demo/Images/Real/coco/coco2017/val2017/img159228.jpg,WildFake_demo,real,0,1,0.99755859375
clean,false_positive,10,WildFake_demo/Images/Real/coco/coco2017/val2017/img159852.jpg,WildFake_demo,real,0,1,0.9970703125
clean,false_positive,11,WildFake_demo/Images/Real/coco/coco2017/val2017/img160671.jpg,WildFake_demo,real,0,1,0.99658203125
clean,false_positive,12,WildFake_demo/Images/Real/coco/coco2017/val2017/img163864.jpg,WildFake_demo,real,0,1,0.99658203125
clean,false_negative,1,WildFake_demo/Images/Diffusion_based/DALLE/Advanced/DALLE3/dalle3/2023110215025084768300d30fc34f/8148d0b6ad70932b3f6c4ec560e8c152.jpg,WildFake_demo,full_synthetic,1,0,0.0004804134368896
clean,false_negative,2,WildFake_demo/Images/Diffusion_based/DALLE/Advanced/DALLE3/dalle3/202311070924598319e76b1a88ba6c/50bcdb27830ca8be95298802a0162ba9.jpg,WildFake_demo,full_synthetic,1,0,0.0005035400390625
clean,false_negative,3,WildFake_demo/Images/Diffusion_based/DALLE/Advanced/DALLE3/dalle3/202311011943129901ca391019566e/a4c1a07ecb0a5cd6f2ca29572120f434.jpg,WildFake_demo,full_synthetic,1,0,0.0006141662597656
clean,false_negative,4,WildFake_demo/Images/Diffusion_based/DALLE/Advanced/DALLE3/dalle3/202311011943129901ca391019566e/129c9496f9fb40acffb64cbdafcdb889.jpg,WildFake_demo,full_synthetic,1,0,0.0006384849548339
clean,false_negative,5,WildFake_demo/Images/Diffusion_based/DALLE/Advanced/DALLE3/dalle3/202311070924598319e76b1a88ba6c/c5097ad662b67c9af001724e3a102d3c.jpg,WildFake_demo,full_synthetic,1,0,0.0006613731384277
clean,false_negative,6,WildFake_demo/Images/Diffusion_based/DALLE/Advanced/DALLE3/dalle3/2023110215025084768300d30fc34f/bc00fc97be21aeb32cf1b02135f5dbed.jpg,WildFake_demo,full_synthetic,1,0,0.0007319450378417
clean,false_negative,7,WildFake_demo/Images/Diffusion_based/DALLE/Advanced/DALLE3/dalle3/2023110215025084768300d30fc34f/e0913d5b9eb0a2c74bc377d336f276c1.jpg,WildFake_demo,full_synthetic,1,0,0.0007886886596679
clean,false_negative,8,WildFake_demo/Images/Diffusion_based/DALLE/Advanced/DALLE3/dalle3/202311011943129901ca391019566e/a6fee19a25b72d87e762b8b5ed5986cf.jpg,WildFake_demo,full_synthetic,1,0,0.0008039474487304
clean,false_negative,9,WildFake_demo/Images/Diffusion_based/DALLE/Advanced/DALLE3/dalle3/2023110215025084768300d30fc34f/0763e21106d9bb5adb44fafdebba1337.jpg,WildFake_demo,full_synthetic,1,0,0.0008134841918945
clean,false_negative,10,WildFake_demo/Images/Diffusion_based/DALLE/Advanced/DALLE3/dalle3/202311011943129901ca391019566e/be72f166363120651f31542d4daed408.jpg,WildFake_demo,full_synthetic,1,0,0.00089693069458
clean,false_negative,11,WildFake_demo/Images/Diffusion_based/DALLE/Advanced/DALLE3/dalle3/202311011943129901ca391019566e/f3969cbaa698d69874ad67eda89fc187.jpg,WildFake_demo,full_synthetic,1,0,0.0009002685546875
clean,false_negative,12,WildFake_demo/Images/Diffusion_based/DALLE/Advanced/DALLE3/dalle3/202311011943129901ca391019566e/45d5e8397ec19935f3c5c76ee3dd5b73.jpg,WildFake_demo,full_synthetic,1,0,0.001103401184082
jpeg_90,false_positive,1,WildFake_demo/Images/Real/coco/coco2017/val2017/img159953.jpg,WildFake_demo,real,0,1,0.99853515625
jpeg_90,false_positive,2,WildFake_demo/Images/Real/coco/coco2017/val2017/img159274.jpg,WildFake_demo,real,0,1,0.99365234375
jpeg_90,false_positive,3,WildFake_demo/Images/Real/coco/coco2017/val2017/img161863.jpg,WildFake_demo,real,0,1,0.99169921875
jpeg_90,false_positive,4,WildFake_demo/Images/Real/coco/coco2017/val2017/img160377.jpg,WildFake_demo,real,0,1,0.98681640625
jpeg_90,false_positive,5,WildFake_demo/Images/Real/coco/coco2017/val2017/img163762.jpg,WildFake_demo,real,0,1,0.98681640625
jpeg_90,false_positive,6,WildFake_demo/Images/Real/coco/coco2017/val2017/img160071.jpg,WildFake_demo,real,0,1,0.986328125
jpeg_90,false_positive,7,WildFake_demo/Images/Real/coco/coco2017/val2017/img163785.jpg,WildFake_demo,real,0,1,0.98388671875
jpeg_90,false_positive,8,WildFake_demo/Images/Real/coco/coco2017/val2017/img159852.jpg,WildFake_demo,real,0,1,0.966796875
jpeg_90,false_positive,9,WildFake_demo/Images/Real/coco/coco2017/val2017/img161810.jpg,WildFake_demo,real,0,1,0.96435546875
jpeg_90,false_positive,10,WildFake_demo/Images/Real/coco/coco2017/val2017/img161767.jpg,WildFake_demo,real,0,1,0.9453125
jpeg_90,false_positive,11,WildFake_demo/Images/Real/coco/coco2017/val2017/img162560.jpg,WildFake_demo,real,0,1,0.94091796875
jpeg_90,false_positive,12,WildFake_demo/Images/Real/coco/coco2017/val2017/img160373.jpg,WildFake_demo,real,0,1,0.91943359375
jpeg_90,false_negative,1,WildFake_demo/Images/Diffusion_based/DALLE/Advanced/DALLE3/dalle3/2023110215025084768300d30fc34f/8148d0b6ad70932b3f6c4ec560e8c152.jpg,WildFake_demo,full_synthetic,1,0,0.0005726814270019
jpeg_90,false_negative,2,WildFake_demo/Images/Diffusion_based/DALLE/Advanced/DALLE3/dalle3/202311070924598319e76b1a88ba6c/50bcdb27830ca8be95298802a0162ba9.jpg,WildFake_demo,full_synthetic,1,0,0.0006117820739746
jpeg_90,false_negative,3,WildFake_demo/Images/Diffusion_based/DALLE/Advanced/DALLE3/dalle3/20231102143933b82206831d45b85d/bc00fc97be21aeb32cf1b02135f5dbed.jpg,WildFake_demo,full_synthetic,1,0,0.0007123947143554
jpeg_90,false_negative,4,WildFake_demo/Images/Diffusion_based/DALLE/Advanced/DALLE3/dalle3/2023110215025084768300d30fc34f/0763e21106d9bb5adb44fafdebba1337.jpg,WildFake_demo,full_synthetic,1,0,0.0007915496826171
jpeg_90,false_negative,5,WildFake_demo/Images/Diffusion_based/DALLE/Advanced/DALLE3/dalle3/202311011943129901ca391019566e/a4c1a07ecb0a5cd6f2ca29572120f434.jpg,WildFake_demo,full_synthetic,1,0,0.0008425712585449
jpeg_90,false_negative,6,WildFake_demo/Images/Diffusion_based/DALLE/Advanced/DALLE3/dalle3/202311011943129901ca391019566e/a6fee19a25b72d87e762b8b5ed5986cf.jpg,WildFake_demo,full_synthetic,1,0,0.0008726119995117
jpeg_90,false_negative,7,WildFake_demo/Images/Diffusion_based/DALLE/Advanced/DALLE3/dalle3/202311011943129901ca391019566e/f3969cbaa698d69874ad67eda89fc187.jpg,WildFake_demo,full_synthetic,1,0,0.000889778137207
jpeg_90,false_negative,8,WildFake_demo/Images/Diffusion_based/DALLE/Advanced/DALLE3/dalle3/202311070924598319e76b1a88ba6c/c5097ad662b67c9af001724e3a102d3c.jpg,WildFake_demo,full_synthetic,1,0,0.0010004043579101
jpeg_90,false_negative,9,WildFake_demo/Images/Diffusion_based/DALLE/Advanced/DALLE3/dalle3/20231103102150b17aad067ad7e034/e0913d5b9eb0a2c74bc377d336f276c1.jpg,WildFake_demo,full_synthetic,1,0,0.0010862350463867
jpeg_90,false_negative,10,WildFake_demo/Images/Diffusion_based/DALLE/Advanced/DALLE3/dalle3/202311011943129901ca391019566e/45d5e8397ec19935f3c5c76ee3dd5b73.jpg,WildFake_demo,full_synthetic,1,0,0.0011157989501953
jpeg_90,false_negative,11,WildFake_demo/Images/Diffusion_based/DALLE/Advanced/DALLE3/dalle3/202311011943129901ca391019566e/8dbb41af9bc49f7f5c7e260b6450472a.jpg,WildFake_demo,full_synthetic,1,0,0.0015544891357421
jpeg_90,false_negative,12,WildFake_demo/Images/Diffusion_based/DALLE/Advanced/DALLE3/dalle3/202311011943129901ca391019566e/5291ff2fe7643f30864ac9748d20c1ea.jpg,WildFake_demo,full_synthetic,1,0,0.0015668869018554
jpeg_70,false_positive,1,WildFake_demo/Images/Real/coco/coco2017/val2017/img159953.jpg,WildFake_demo,real,0,1,0.98779296875
jpeg_70,false_positive,2,WildFake_demo/Images/Real/coco/coco2017/val2017/img159274.jpg,WildFake_demo,real,0,1,0.98193359375
jpeg_70,false_positive,3,WildFake_demo/Images/Real/coco/coco2017/val2017/img163785.jpg,WildFake_demo,real,0,1,0.97802734375
jpeg_70,false_positive,4,WildFake_demo/Images/Real/coco/coco2017/val2017/img160377.jpg,WildFake_demo,real,0,1,0.9599609375
jpeg_70,false_positive,5,WildFake_demo/Images/Real/coco/coco2017/val2017/img161332.jpg,WildFake_demo,real,0,1,0.90966796875
jpeg_70,false_positive,6,WildFake_demo/Images/Real/coco/coco2017/val2017/img159698.jpg,WildFake_demo,real,0,1,0.88427734375
jpeg_70,false_positive,7,WildFake_demo/Images/Real/coco/coco2017/val2017/img160293.jpg,WildFake_demo,real,0,1,0.8759765625
jpeg_70,false_positive,8,WildFake_demo/Images/Real/coco/coco2017/val2017/img161531.jpg,WildFake_demo,real,0,1,0.8564453125
jpeg_70,false_positive,9,WildFake_demo/Images/Real/coco/coco2017/val2017/img159852.jpg,WildFake_demo,real,0,1,0.84521484375
jpeg_70,false_positive,10,WildFake_demo/Images/Real/coco/coco2017/val2017/img162560.jpg,WildFake_demo,real,0,1,0.7998046875
jpeg_70,false_positive,11,WildFake_demo/Images/Real/coco/coco2017/val2017/img163634.jpg,WildFake_demo,real,0,1,0.78125
jpeg_70,false_positive,12,WildFake_demo/Images/Real/coco/coco2017/val2017/img161457.jpg,WildFake_demo,real,0,1,0.7802734375
jpeg_70,false_negative,1,WildFake_demo/Images/Diffusion_based/DALLE/Advanced/DALLE3/dalle3/2023110215025084768300d30fc34f/8148d0b6ad70932b3f6c4ec560e8c152.jpg,WildFake_demo,full_synthetic,1,0,0.0003125667572021
jpeg_70,false_negative,2,WildFake_demo/Images/Diffusion_based/DALLE/Advanced/DALLE3/dalle3/202311011943129901ca391019566e/a4c1a07ecb0a5cd6f2ca29572120f434.jpg,WildFake_demo,full_synthetic,1,0,0.0003459453582763
jpeg_70,false_negative,3,WildFake_demo/Images/Diffusion_based/DALLE/Advanced/DALLE3/dalle3/202311070924598319e76b1a88ba6c/50bcdb27830ca8be95298802a0162ba9.jpg,WildFake_demo,full_synthetic,1,0,0.0003726482391357
jpeg_70,false_negative,4,WildFake_demo/Images/Diffusion_based/DALLE/Advanced/DALLE3/dalle3/202311070924598319e76b1a88ba6c/0763e21106d9bb5adb44fafdebba1337.jpg,WildFake_demo,full_synthetic,1,0,0.0006461143493652
jpeg_70,false_negative,5,WildFake_demo/Images/Diffusion_based/DALLE/Advanced/DALLE3/dalle3/202311070924598319e76b1a88ba6c/c5097ad662b67c9af001724e3a102d3c.jpg,WildFake_demo,full_synthetic,1,0,0.0006823539733886
jpeg_70,false_negative,6,WildFake_demo/Images/Diffusion_based/DALLE/Advanced/DALLE3/dalle3/202311011943129901ca391019566e/a6fee19a25b72d87e762b8b5ed5986cf.jpg,WildFake_demo,full_synthetic,1,0,0.0007238388061523
jpeg_70,false_negative,7,WildFake_demo/Images/Diffusion_based/DALLE/Advanced/DALLE3/dalle3/202311011943129901ca391019566e/f3969cbaa698d69874ad67eda89fc187.jpg,WildFake_demo,full_synthetic,1,0,0.0007352828979492
jpeg_70,false_negative,8,WildFake_demo/Images/Diffusion_based/DALLE/Advanced/DALLE3/dalle3/20231103102150b17aad067ad7e034/bc00fc97be21aeb32cf1b02135f5dbed.jpg,WildFake_demo,full_synthetic,1,0,0.0008072853088378
jpeg_70,false_negative,9,WildFake_demo/Images/Diffusion_based/DALLE/Advanced/DALLE3/dalle3/20231103102150b17aad067ad7e034/e0913d5b9eb0a2c74bc377d336f276c1.jpg,WildFake_demo,full_synthetic,1,0,0.0008201599121093
jpeg_70,false_negative,10,WildFake_demo/Images/Diffusion_based/DALLE/Advanced/DALLE3/dalle3/202311070924598319e76b1a88ba6c/f4cf1a720f9da74cf4d233ffd9247362.jpg,WildFake_demo,full_synthetic,1,0,0.0009889602661132
jpeg_70,false_negative,11,WildFake_demo/Images/Diffusion_based/DALLE/Advanced/DALLE3/dalle3/202311011943129901ca391019566e/45d5e8397ec19935f3c5c76ee3dd5b73.jpg,WildFake_demo,full_synthetic,1,0,0.001169204711914
jpeg_70,false_negative,12,WildFake_demo/Images/Diffusion_based/DALLE/Advanced/DALLE3/dalle3/20231103102150b17aad067ad7e034/d1c317f2429de20b96a2effdeab4215b.jpg,WildFake_demo,full_synthetic,1,0,0.0012063980102539
jpeg_50,false_positive,1,WildFake_demo/Images/Real/coco/coco2017/val2017/img159274.jpg,WildFake_demo,real,0,1,0.99365234375
jpeg_50,false_positive,2,WildFake_demo/Images/Real/coco/coco2017/val2017/img161332.jpg,WildFake_demo,real,0,1,0.7734375
jpeg_50,false_positive,3,WildFake_demo/Images/Real/coco/coco2017/val2017/img160377.jpg,WildFake_demo,real,0,1,0.76611328125
jpeg_50,false_positive,4,WildFake_demo/Images/Real/coco/coco2017/val2017/img158984.jpg,WildFake_demo,real,0,1,0.73828125
jpeg_50,false_positive,5,WildFake_demo/Images/Real/coco/coco2017/val2017/img159953.jpg,WildFake_demo,real,0,1,0.6982421875
jpeg_50,false_positive,6,WildFake_demo/Images/Real/coco/coco2017/val2017/img160254.jpg,WildFake_demo,real,0,1,0.55859375
jpeg_50,false_positive,7,WildFake_demo/Images/Real/coco/coco2017/val2017/img163043.jpg,WildFake_demo,real,0,1,0.54150390625
jpeg_50,false_positive,8,WildFake_demo/Images/Real/coco/coco2017/val2017/img159698.jpg,WildFake_demo,real,0,1,0.52880859375
jpeg_50,false_positive,9,WildFake_demo/Images/Real/coco/coco2017/val2017/img163785.jpg,WildFake_demo,real,0,1,0.43798828125
jpeg_50,false_positive,10,WildFake_demo/Images/Real/coco/coco2017/val2017/img161722.jpg,WildFake_demo,real,0,1,0.425537109375
jpeg_50,false_positive,11,WildFake_demo/Images/Real/coco/coco2017/val2017/img159244.jpg,WildFake_demo,real,0,1,0.4013671875
jpeg_50,false_positive,12,WildFake_demo/Images/Real/coco/coco2017/val2017/img162623.jpg,WildFake_demo,real,0,1,0.299560546875
jpeg_50,false_negative,1,WildFake_demo/Images/Diffusion_based/DALLE/Advanced/DALLE3/dalle3/20231103102150b17aad067ad7e034/8148d0b6ad70932b3f6c4ec560e8c152.jpg,WildFake_demo,full_synthetic,1,0,0.0004012584686279
jpeg_50,false_negative,2,WildFake_demo/Images/Diffusion_based/DALLE/Advanced/DALLE3/dalle3/202311070924598319e76b1a88ba6c/c73db9e07daad5c11b30a46817c09991.jpg,WildFake_demo,full_synthetic,1,0,0.0004785060882568
jpeg_50,false_negative,3,WildFake_demo/Images/Diffusion_based/DALLE/Advanced/DALLE3/dalle3/202311011943129901ca391019566e/2bb2b3d160e5311788624d273b772f40.jpg,WildFake_demo,full_synthetic,1,0,0.0005035400390625
jpeg_50,false_negative,4,WildFake_demo/Images/Diffusion_based/DALLE/Advanced/DALLE3/dalle3/20231103102150b17aad067ad7e034/ed4740ee61bd78c461b59c8d1ec73304.jpg,WildFake_demo,full_synthetic,1,0,0.0005507469177246
jpeg_50,false_negative,5,WildFake_demo/Images/Diffusion_based/DALLE/Advanced/DALLE3/dalle3/202311011943129901ca391019566e/edc0ae92b84620fd57f2a72508c01e67.jpg,WildFake_demo,full_synthetic,1,0,0.0005884170532226
jpeg_50,false_negative,6,WildFake_demo/Images/Diffusion_based/DALLE/Advanced/DALLE3/dalle3/20231103102150b17aad067ad7e034/231adfc8da7844adc3bba40f08e476e2.jpg,WildFake_demo,full_synthetic,1,0,0.0005974769592285
jpeg_50,false_negative,7,WildFake_demo/Images/Diffusion_based/DALLE/Advanced/DALLE3/dalle3/202311070924598319e76b1a88ba6c/0763e21106d9bb5adb44fafdebba1337.jpg,WildFake_demo,full_synthetic,1,0,0.0006189346313476
jpeg_50,false_negative,8,WildFake_demo/Images/Diffusion_based/DALLE/Advanced/DALLE3/dalle3/202311070924598319e76b1a88ba6c/bc00fc97be21aeb32cf1b02135f5dbed.jpg,WildFake_demo,full_synthetic,1,0,0.0006771087646484
jpeg_50,false_negative,9,WildFake_demo/Images/Diffusion_based/DALLE/Advanced/DALLE3/dalle3/202311011943129901ca391019566e/a4c1a07ecb0a5cd6f2ca29572120f434.jpg,WildFake_demo,full_synthetic,1,0,0.0007381439208984
jpeg_50,false_negative,10,WildFake_demo/Images/Diffusion_based/DALLE/Advanced/DALLE3/dalle3/202311070924598319e76b1a88ba6c/50bcdb27830ca8be95298802a0162ba9.jpg,WildFake_demo,full_synthetic,1,0,0.0007495880126953
jpeg_50,false_negative,11,WildFake_demo/Images/Diffusion_based/DALLE/Advanced/DALLE3/dalle3/202311011943129901ca391019566e/68ad24255aa326a089b69133f36d90b6.jpg,WildFake_demo,full_synthetic,1,0,0.0007672309875488
jpeg_50,false_negative,12,WildFake_demo/Images/Diffusion_based/DALLE/Advanced/DALLE3/dalle3/202311011943129901ca391019566e/a6fee19a25b72d87e762b8b5ed5986cf.jpg,WildFake_demo,full_synthetic,1,0,0.0007886886596679
jpeg_30,false_positive,1,WildFake_demo/Images/Real/coco/coco2017/val2017/img163785.jpg,WildFake_demo,real,0,1,0.89599609375
jpeg_30,false_positive,2,WildFake_demo/Images/Real/coco/coco2017/val2017/img159698.jpg,WildFake_demo,real,0,1,0.7392578125
jpeg_30,false_positive,3,WildFake_demo/Images/Real/coco/coco2017/val2017/img159014.jpg,WildFake_demo,real,0,1,0.69189453125
jpeg_30,false_positive,4,WildFake_demo/Images/Real/coco/coco2017/val2017/img160377.jpg,WildFake_demo,real,0,1,0.44921875
jpeg_30,false_positive,5,WildFake_demo/Images/Real/coco/coco2017/val2017/img161332.jpg,WildFake_demo,real,0,1,0.41796875
jpeg_30,false_positive,6,WildFake_demo/Images/Real/coco/coco2017/val2017/img162556.jpg,WildFake_demo,real,0,1,0.348876953125
jpeg_30,false_positive,7,WildFake_demo/Images/Real/coco/coco2017/val2017/img159852.jpg,WildFake_demo,real,0,1,0.3212890625
jpeg_30,false_positive,8,WildFake_demo/Images/Real/coco/coco2017/val2017/img159471.jpg,WildFake_demo,real,0,1,0.2802734375
jpeg_30,false_positive,9,WildFake_demo/Images/Real/coco/coco2017/val2017/img159953.jpg,WildFake_demo,real,0,1,0.21630859375
jpeg_30,false_negative,1,WildFake_demo/Images/Diffusion_based/DALLE/Advanced/DALLE3/dalle3/2023110215025084768300d30fc34f/8148d0b6ad70932b3f6c4ec560e8c152.jpg,WildFake_demo,full_synthetic,1,0,0.0002199411392211
jpeg_30,false_negative,2,WildFake_demo/Images/Diffusion_based/DALLE/Advanced/DALLE3/dalle3/20231103102150b17aad067ad7e034/f104d8a186f1cc92ce6b17b5d69506bd.jpg,WildFake_demo,full_synthetic,1,0,0.0002341270446777
jpeg_30,false_negative,3,WildFake_demo/Images/Diffusion_based/DALLE/Advanced/DALLE3/dalle3/202311011943129901ca391019566e/a4c1a07ecb0a5cd6f2ca29572120f434.jpg,WildFake_demo,full_synthetic,1,0,0.0002341270446777
jpeg_30,false_negative,4,WildFake_demo/Images/Diffusion_based/DALLE/Advanced/DALLE3/dalle3/20231102143933b82206831d45b85d/0a91eb995bc069847ae7f2bbe17f0af5.jpg,WildFake_demo,full_synthetic,1,0,0.0002892017364501
jpeg_30,false_negative,5,WildFake_demo/Images/Diffusion_based/DALLE/Advanced/DALLE3/dalle3/202311011943129901ca391019566e/aca2372360c004ec13e7858d32c2e6bd.jpg,WildFake_demo,full_synthetic,1,0,0.000303030014038
jpeg_30,false_negative,6,WildFake_demo/Images/Diffusion_based/DALLE/Advanced/DALLE3/dalle3/202311070924598319e76b1a88ba6c/50bcdb27830ca8be95298802a0162ba9.jpg,WildFake_demo,full_synthetic,1,0,0.0003225803375244
jpeg_30,false_negative,7,WildFake_demo/Images/Diffusion_based/DALLE/Advanced/DALLE3/dalle3/202311011943129901ca391019566e/5291ff2fe7643f30864ac9748d20c1ea.jpg,WildFake_demo,full_synthetic,1,0,0.0003225803375244
jpeg_30,false_negative,8,WildFake_demo/Images/Diffusion_based/DALLE/Advanced/DALLE3/dalle3/202311070924598319e76b1a88ba6c/ecc2b25599ad985c691ba6ab332222d5.jpg,WildFake_demo,full_synthetic,1,0,0.0003249645233154
jpeg_30,false_negative,9,WildFake_demo/Images/Diffusion_based/DALLE/Advanced/DALLE3/dalle3/202311011943129901ca391019566e/edc0ae92b84620fd57f2a72508c01e67.jpg,WildFake_demo,full_synthetic,1,0,0.0003473758697509
jpeg_30,false_negative,10,WildFake_demo/Images/Diffusion_based/DALLE/Advanced/DALLE3/dalle3/2023110215025084768300d30fc34f/dde040947d7f2ea164c178f5b7dad202.jpg,WildFake_demo,full_synthetic,1,0,0.0003981590270996
jpeg_30,false_negative,11,WildFake_demo/Images/Diffusion_based/DALLE/Advanced/DALLE3/dalle3/202311011943129901ca391019566e/ce6f87ad22b653aa7bdc1c8636a9800e.jpg,WildFake_demo,full_synthetic,1,0,0.0004305839538574
jpeg_30,false_negative,12,WildFake_demo/Images/Diffusion_based/DALLE/Advanced/DALLE3/dalle3/202311011943129901ca391019566e/5707ce6e577e63e9b669499f1d7bb82a.jpg,WildFake_demo,full_synthetic,1,0,0.0004389286041259
blur_0.5,false_positive,1,WildFake_demo/Images/Real/coco/coco2017/val2017/img159953.jpg,WildFake_demo,real,0,1,0.99951171875
blur_0.5,false_positive,2,WildFake_demo/Images/Real/coco/coco2017/val2017/img160993.jpg,WildFake_demo,real,0,1,0.99951171875
blur_0.5,false_positive,3,WildFake_demo/Images/Real/coco/coco2017/val2017/img163818.jpg,WildFake_demo,real,0,1,0.9990234375
blur_0.5,false_positive,4,WildFake_demo/Images/Real/coco/coco2017/val2017/img162600.jpg,WildFake_demo,real,0,1,0.998046875
blur_0.5,false_positive,5,WildFake_demo/Images/Real/coco/coco2017/val2017/img161863.jpg,WildFake_demo,real,0,1,0.998046875
blur_0.5,false_positive,6,WildFake_demo/Images/Real/coco/coco2017/val2017/img159228.jpg,WildFake_demo,real,0,1,0.99755859375
blur_0.5,false_positive,7,WildFake_demo/Images/Real/coco/coco2017/val2017/img162732.jpg,WildFake_demo,real,0,1,0.99755859375
blur_0.5,false_positive,8,WildFake_demo/Images/Real/coco/coco2017/val2017/img159317.jpg,WildFake_demo,real,0,1,0.99755859375
blur_0.5,false_positive,9,WildFake_demo/Images/Real/coco/coco2017/val2017/img159852.jpg,WildFake_demo,real,0,1,0.9970703125
blur_0.5,false_positive,10,WildFake_demo/Images/Real/coco/coco2017/val2017/img163762.jpg,WildFake_demo,real,0,1,0.99658203125
blur_0.5,false_positive,11,WildFake_demo/Images/Real/coco/coco2017/val2017/img160221.jpg,WildFake_demo,real,0,1,0.99609375
blur_0.5,false_positive,12,WildFake_demo/Images/Real/coco/coco2017/val2017/img161581.jpg,WildFake_demo,real,0,1,0.99609375
blur_0.5,false_negative,1,WildFake_demo/Images/Diffusion_based/DALLE/Advanced/DALLE3/dalle3/2023110215025084768300d30fc34f/8148d0b6ad70932b3f6c4ec560e8c152.jpg,WildFake_demo,full_synthetic,1,0,0.000523567199707
blur_0.5,false_negative,2,WildFake_demo/Images/Diffusion_based/DALLE/Advanced/DALLE3/dalle3/202311011943129901ca391019566e/129c9496f9fb40acffb64cbdafcdb889.jpg,WildFake_demo,full_synthetic,1,0,0.0006265640258789
blur_0.5,false_negative,3,WildFake_demo/Images/Diffusion_based/DALLE/Advanced/DALLE3/dalle3/202311070924598319e76b1a88ba6c/50bcdb27830ca8be95298802a0162ba9.jpg,WildFake_demo,full_synthetic,1,0,0.0006484985351562
blur_0.5,false_negative,4,WildFake_demo/Images/Diffusion_based/DALLE/Advanced/DALLE3/dalle3/202311011943129901ca391019566e/a4c1a07ecb0a5cd6f2ca29572120f434.jpg,WildFake_demo,full_synthetic,1,0,0.0007095336914062
blur_0.5,false_negative,5,WildFake_demo/Images/Diffusion_based/DALLE/Advanced/DALLE3/dalle3/20231103102150b17aad067ad7e034/bc00fc97be21aeb32cf1b02135f5dbed.jpg,WildFake_demo,full_synthetic,1,0,0.0007152557373046
blur_0.5,false_negative,6,WildFake_demo/Images/Diffusion_based/DALLE/Advanced/DALLE3/dalle3/202311011943129901ca391019566e/a6fee19a25b72d87e762b8b5ed5986cf.jpg,WildFake_demo,full_synthetic,1,0,0.0008010864257812
blur_0.5,false_negative,7,WildFake_demo/Images/Diffusion_based/DALLE/Advanced/DALLE3/dalle3/20231102143933b82206831d45b85d/e0913d5b9eb0a2c74bc377d336f276c1.jpg,WildFake_demo,full_synthetic,1,0,0.0008134841918945
blur_0.5,false_negative,8,WildFake_demo/Images/Diffusion_based/DALLE/Advanced/DALLE3/dalle3/20231102143933b82206831d45b85d/0763e21106d9bb5adb44fafdebba1337.jpg,WildFake_demo,full_synthetic,1,0,0.0009851455688476
blur_0.5,false_negative,9,WildFake_demo/Images/Diffusion_based/DALLE/Advanced/DALLE3/dalle3/202311011943129901ca391019566e/f3969cbaa698d69874ad67eda89fc187.jpg,WildFake_demo,full_synthetic,1,0,0.001011848449707
blur_0.5,false_negative,10,WildFake_demo/Images/Diffusion_based/DALLE/Advanced/DALLE3/dalle3/202311011943129901ca391019566e/45d5e8397ec19935f3c5c76ee3dd5b73.jpg,WildFake_demo,full_synthetic,1,0,0.0011157989501953
blur_0.5,false_negative,11,WildFake_demo/Images/Diffusion_based/DALLE/Advanced/DALLE3/dalle3/202311070924598319e76b1a88ba6c/c5097ad662b67c9af001724e3a102d3c.jpg,WildFake_demo,full_synthetic,1,0,0.0011787414550781
blur_0.5,false_negative,12,WildFake_demo/Images/Diffusion_based/DALLE/Advanced/DALLE3/dalle3/202311011943129901ca391019566e/be72f166363120651f31542d4daed408.jpg,WildFake_demo,full_synthetic,1,0,0.0013666152954101
blur_1.0,false_positive,1,WildFake_demo/Images/Real/coco/coco2017/val2017/img159953.jpg,WildFake_demo,real,0,1,1.0
blur_1.0,false_positive,2,WildFake_demo/Images/Real/coco/coco2017/val2017/img162600.jpg,WildFake_demo,real,0,1,0.99951171875
blur_1.0,false_positive,3,WildFake_demo/Images/Real/coco/coco2017/val2017/img163762.jpg,WildFake_demo,real,0,1,0.9990234375
blur_1.0,false_positive,4,WildFake_demo/Images/Real/coco/coco2017/val2017/img159852.jpg,WildFake_demo,real,0,1,0.99853515625
blur_1.0,false_positive,5,WildFake_demo/Images/Real/coco/coco2017/val2017/img161617.jpg,WildFake_demo,real,0,1,0.99853515625
blur_1.0,false_positive,6,WildFake_demo/Images/Real/coco/coco2017/val2017/img160075.jpg,WildFake_demo,real,0,1,0.998046875
blur_1.0,false_positive,7,WildFake_demo/Images/Real/coco/coco2017/val2017/img161863.jpg,WildFake_demo,real,0,1,0.998046875
blur_1.0,false_positive,8,WildFake_demo/Images/Real/coco/coco2017/val2017/img163864.jpg,WildFake_demo,real,0,1,0.99755859375
blur_1.0,false_positive,9,WildFake_demo/Images/Real/coco/coco2017/val2017/img162837.jpg,WildFake_demo,real,0,1,0.9970703125
blur_1.0,false_positive,10,WildFake_demo/Images/Real/coco/coco2017/val2017/img159228.jpg,WildFake_demo,real,0,1,0.9970703125
blur_1.0,false_positive,11,WildFake_demo/Images/Real/coco/coco2017/val2017/img162494.jpg,WildFake_demo,real,0,1,0.9970703125
blur_1.0,false_positive,12,WildFake_demo/Images/Real/coco/coco2017/val2017/img162019.jpg,WildFake_demo,real,0,1,0.9970703125
blur_1.0,false_negative,1,WildFake_demo/Images/Diffusion_based/DALLE/Advanced/DALLE3/dalle3/20231103102150b17aad067ad7e034/8148d0b6ad70932b3f6c4ec560e8c152.jpg,WildFake_demo,full_synthetic,1,0,0.0006484985351562
blur_1.0,false_negative,2,WildFake_demo/Images/Diffusion_based/DALLE/Advanced/DALLE3/dalle3/202311011943129901ca391019566e/129c9496f9fb40acffb64cbdafcdb889.jpg,WildFake_demo,full_synthetic,1,0,0.0006747245788574
blur_1.0,false_negative,3,WildFake_demo/Images/Diffusion_based/DALLE/Advanced/DALLE3/dalle3/20231102143933b82206831d45b85d/bc00fc97be21aeb32cf1b02135f5dbed.jpg,WildFake_demo,full_synthetic,1,0,0.0007095336914062
blur_1.0,false_negative,4,WildFake_demo/Images/Diffusion_based/DALLE/Advanced/DALLE3/dalle3/202311011943129901ca391019566e/a6fee19a25b72d87e762b8b5ed5986cf.jpg,WildFake_demo,full_synthetic,1,0,0.0007791519165039
blur_1.0,false_negative,5,WildFake_demo/Images/Diffusion_based/DALLE/Advanced/DALLE3/dalle3/20231102143933b82206831d45b85d/e0913d5b9eb0a2c74bc377d336f276c1.jpg,WildFake_demo,full_synthetic,1,0,0.0010004043579101
blur_1.0,false_negative,6,WildFake_demo/Images/Diffusion_based/DALLE/Advanced/DALLE3/dalle3/202311011943129901ca391019566e/a4c1a07ecb0a5cd6f2ca29572120f434.jpg,WildFake_demo,full_synthetic,1,0,0.0013456344604492
blur_1.0,false_negative,7,WildFake_demo/Images/Diffusion_based/DALLE/Advanced/DALLE3/dalle3/202311011943129901ca391019566e/45d5e8397ec19935f3c5c76ee3dd5b73.jpg,WildFake_demo,full_synthetic,1,0,0.0013942718505859
blur_1.0,false_negative,8,WildFake_demo/Images/Diffusion_based/DALLE/Advanced/DALLE3/dalle3/202311011943129901ca391019566e/8dbb41af9bc49f7f5c7e260b6450472a.jpg,WildFake_demo,full_synthetic,1,0,0.0015363693237304
blur_1.0,false_negative,9,WildFake_demo/Images/Diffusion_based/DALLE/Advanced/DALLE3/dalle3/20231103102150b17aad067ad7e034/ed4740ee61bd78c461b59c8d1ec73304.jpg,WildFake_demo,full_synthetic,1,0,0.0015430450439453
blur_1.0,false_negative,10,WildFake_demo/Images/Diffusion_based/DALLE/Advanced/DALLE3/dalle3/20231102143933b82206831d45b85d/d1c317f2429de20b96a2effdeab4215b.jpg,WildFake_demo,full_synthetic,1,0,0.0016040802001953
blur_1.0,false_negative,11,WildFake_demo/Images/Diffusion_based/DALLE/Advanced/DALLE3/dalle3/20231102143933b82206831d45b85d/dde040947d7f2ea164c178f5b7dad202.jpg,WildFake_demo,full_synthetic,1,0,0.0016288757324218
blur_1.0,false_negative,12,WildFake_demo/Images/Diffusion_based/DALLE/Advanced/DALLE3/dalle3/202311070924598319e76b1a88ba6c/50bcdb27830ca8be95298802a0162ba9.jpg,WildFake_demo,full_synthetic,1,0,0.0016288757324218
blur_2.0,false_positive,1,WildFake_demo/Images/Real/coco/coco2017/val2017/img162986.jpg,WildFake_demo,real,0,1,1.0
blur_2.0,false_positive,2,WildFake_demo/Images/Real/coco/coco2017/val2017/img163583.jpg,WildFake_demo,real,0,1,1.0
blur_2.0,false_positive,3,WildFake_demo/Images/Real/coco/coco2017/val2017/img160451.jpg,WildFake_demo,real,0,1,1.0
blur_2.0,false_positive,4,WildFake_demo/Images/Real/coco/coco2017/val2017/img160876.jpg,WildFake_demo,real,0,1,0.99951171875
blur_2.0,false_positive,5,WildFake_demo/Images/Real/coco/coco2017/val2017/img161489.jpg,WildFake_demo,real,0,1,0.99951171875
blur_2.0,false_positive,6,WildFake_demo/Images/Real/coco/coco2017/val2017/img160537.jpg,WildFake_demo,real,0,1,0.99951171875
blur_2.0,false_positive,7,WildFake_demo/Images/Real/coco/coco2017/val2017/img160764.jpg,WildFake_demo,real,0,1,0.99951171875
blur_2.0,false_positive,8,WildFake_demo/Images/Real/coco/coco2017/val2017/img161647.jpg,WildFake_demo,real,0,1,0.99951171875
blur_2.0,false_positive,9,WildFake_demo/Images/Real/coco/coco2017/val2017/img160131.jpg,WildFake_demo,real,0,1,0.99951171875
blur_2.0,false_positive,10,WildFake_demo/Images/Real/coco/coco2017/val2017/img160096.jpg,WildFake_demo,real,0,1,0.99951171875
blur_2.0,false_positive,11,WildFake_demo/Images/Real/coco/coco2017/val2017/img161862.jpg,WildFake_demo,real,0,1,0.99951171875
blur_2.0,false_positive,12,WildFake_demo/Images/Real/coco/coco2017/val2017/img162024.jpg,WildFake_demo,real,0,1,0.99951171875
blur_2.0,false_negative,1,WildFake_demo/Images/Diffusion_based/DALLE/Advanced/DALLE3/dalle3/20231102143933b82206831d45b85d/8148d0b6ad70932b3f6c4ec560e8c152.jpg,WildFake_demo,full_synthetic,1,0,0.0006461143493652
blur_2.0,false_negative,2,WildFake_demo/Images/Diffusion_based/DALLE/Advanced/DALLE3/dalle3/20231103102150b17aad067ad7e034/bc00fc97be21aeb32cf1b02135f5dbed.jpg,WildFake_demo,full_synthetic,1,0,0.0006513595581054
blur_2.0,false_negative,3,WildFake_demo/Images/Diffusion_based/DALLE/Advanced/DALLE3/dalle3/202311011943129901ca391019566e/a6fee19a25b72d87e762b8b5ed5986cf.jpg,WildFake_demo,full_synthetic,1,0,0.0006771087646484
blur_2.0,false_negative,4,WildFake_demo/Images/Diffusion_based/DALLE/Advanced/DALLE3/dalle3/202311011943129901ca391019566e/129c9496f9fb40acffb64cbdafcdb889.jpg,WildFake_demo,full_synthetic,1,0,0.0007295608520507
blur_2.0,false_negative,5,WildFake_demo/Images/Diffusion_based/DALLE/Advanced/DALLE3/dalle3/2023110215025084768300d30fc34f/e0913d5b9eb0a2c74bc377d336f276c1.jpg,WildFake_demo,full_synthetic,1,0,0.0012445449829101
blur_2.0,false_negative,6,WildFake_demo/Images/Diffusion_based/DALLE/Advanced/DALLE3/dalle3/20231102143933b82206831d45b85d/ed4740ee61bd78c461b59c8d1ec73304.jpg,WildFake_demo,full_synthetic,1,0,0.0013351440429687
blur_2.0,false_negative,7,WildFake_demo/Images/Diffusion_based/DALLE/Advanced/DALLE3/dalle3/202311011943129901ca391019566e/a4c1a07ecb0a5cd6f2ca29572120f434.jpg,WildFake_demo,full_synthetic,1,0,0.001378059387207
blur_2.0,false_negative,8,WildFake_demo/Images/Diffusion_based/DALLE/Advanced/DALLE3/dalle3/202311070924598319e76b1a88ba6c/d1c317f2429de20b96a2effdeab4215b.jpg,WildFake_demo,full_synthetic,1,0,0.001443862915039
blur_2.0,false_negative,9,WildFake_demo/Images/Diffusion_based/DALLE/Advanced/DALLE3/dalle3/20231103102150b17aad067ad7e034/dde040947d7f2ea164c178f5b7dad202.jpg,WildFake_demo,full_synthetic,1,0,0.0014495849609375
blur_2.0,false_negative,10,WildFake_demo/Images/Diffusion_based/DALLE/Advanced/DALLE3/dalle3/202311011943129901ca391019566e/24520f53b41d702cb03d64cbbad917d0.jpg,WildFake_demo,full_synthetic,1,0,0.0015544891357421
blur_2.0,false_negative,11,WildFake_demo/Images/Diffusion_based/DALLE/Advanced/DALLE3/dalle3/2023110215025084768300d30fc34f/0e1db659568aa864be7c9d72c7359010.jpg,WildFake_demo,full_synthetic,1,0,0.0018463134765625
blur_2.0,false_negative,12,WildFake_demo/Images/Diffusion_based/DALLE/Advanced/DALLE3/dalle3/202311011943129901ca391019566e/ff071ab0d10f6e8449815d29ac30773b.jpg,WildFake_demo,full_synthetic,1,0,0.0018606185913085
scale_0.5,false_positive,1,WildFake_demo/Images/Real/coco/coco2017/val2017/img159953.jpg,WildFake_demo,real,0,1,1.0
scale_0.5,false_positive,2,WildFake_demo/Images/Real/coco/coco2017/val2017/img162600.jpg,WildFake_demo,real,0,1,0.99951171875
scale_0.5,false_positive,3,WildFake_demo/Images/Real/coco/coco2017/val2017/img163762.jpg,WildFake_demo,real,0,1,0.99853515625
scale_0.5,false_positive,4,WildFake_demo/Images/Real/coco/coco2017/val2017/img162959.jpg,WildFake_demo,real,0,1,0.99853515625
scale_0.5,false_positive,5,WildFake_demo/Images/Real/coco/coco2017/val2017/img159612.jpg,WildFake_demo,real,0,1,0.998046875
scale_0.5,false_positive,6,WildFake_demo/Images/Real/coco/coco2017/val2017/img161863.jpg,WildFake_demo,real,0,1,0.998046875
scale_0.5,false_positive,7,WildFake_demo/Images/Real/coco/coco2017/val2017/img163864.jpg,WildFake_demo,real,0,1,0.998046875
scale_0.5,false_positive,8,WildFake_demo/Images/Real/coco/coco2017/val2017/img162732.jpg,WildFake_demo,real,0,1,0.99755859375
scale_0.5,false_positive,9,WildFake_demo/Images/Real/coco/coco2017/val2017/img160075.jpg,WildFake_demo,real,0,1,0.99755859375
scale_0.5,false_positive,10,WildFake_demo/Images/Real/coco/coco2017/val2017/img159852.jpg,WildFake_demo,real,0,1,0.9970703125
scale_0.5,false_positive,11,WildFake_demo/Images/Real/coco/coco2017/val2017/img159228.jpg,WildFake_demo,real,0,1,0.99658203125
scale_0.5,false_positive,12,WildFake_demo/Images/Real/coco/coco2017/val2017/img160955.jpg,WildFake_demo,real,0,1,0.99658203125
scale_0.5,false_negative,1,WildFake_demo/Images/Diffusion_based/DALLE/Advanced/DALLE3/dalle3/202311070924598319e76b1a88ba6c/8148d0b6ad70932b3f6c4ec560e8c152.jpg,WildFake_demo,full_synthetic,1,0,0.0005617141723632
scale_0.5,false_negative,2,WildFake_demo/Images/Diffusion_based/DALLE/Advanced/DALLE3/dalle3/20231102143933b82206831d45b85d/bc00fc97be21aeb32cf1b02135f5dbed.jpg,WildFake_demo,full_synthetic,1,0,0.0007410049438476
scale_0.5,false_negative,3,WildFake_demo/Images/Diffusion_based/DALLE/Advanced/DALLE3/dalle3/202311011943129901ca391019566e/129c9496f9fb40acffb64cbdafcdb889.jpg,WildFake_demo,full_synthetic,1,0,0.0007524490356445
scale_0.5,false_negative,4,WildFake_demo/Images/Diffusion_based/DALLE/Advanced/DALLE3/dalle3/202311011943129901ca391019566e/a6fee19a25b72d87e762b8b5ed5986cf.jpg,WildFake_demo,full_synthetic,1,0,0.0008039474487304
scale_0.5,false_negative,5,WildFake_demo/Images/Diffusion_based/DALLE/Advanced/DALLE3/dalle3/202311070924598319e76b1a88ba6c/50bcdb27830ca8be95298802a0162ba9.jpg,WildFake_demo,full_synthetic,1,0,0.0008726119995117
scale_0.5,false_negative,6,WildFake_demo/Images/Diffusion_based/DALLE/Advanced/DALLE3/dalle3/2023110215025084768300d30fc34f/e0913d5b9eb0a2c74bc377d336f276c1.jpg,WildFake_demo,full_synthetic,1,0,0.0009040832519531
scale_0.5,false_negative,7,WildFake_demo/Images/Diffusion_based/DALLE/Advanced/DALLE3/dalle3/202311011943129901ca391019566e/f3969cbaa698d69874ad67eda89fc187.jpg,WildFake_demo,full_synthetic,1,0,0.0010204315185546
scale_0.5,false_negative,8,WildFake_demo/Images/Diffusion_based/DALLE/Advanced/DALLE3/dalle3/202311011943129901ca391019566e/a4c1a07ecb0a5cd6f2ca29572120f434.jpg,WildFake_demo,full_synthetic,1,0,0.0010528564453125
scale_0.5,false_negative,9,WildFake_demo/Images/Diffusion_based/DALLE/Advanced/DALLE3/dalle3/202311011943129901ca391019566e/45d5e8397ec19935f3c5c76ee3dd5b73.jpg,WildFake_demo,full_synthetic,1,0,0.0011787414550781
scale_0.5,false_negative,10,WildFake_demo/Images/Diffusion_based/DALLE/Advanced/DALLE3/dalle3/20231103102150b17aad067ad7e034/0763e21106d9bb5adb44fafdebba1337.jpg,WildFake_demo,full_synthetic,1,0,0.0012111663818359
scale_0.5,false_negative,11,WildFake_demo/Images/Diffusion_based/DALLE/Advanced/DALLE3/dalle3/202311070924598319e76b1a88ba6c/c5097ad662b67c9af001724e3a102d3c.jpg,WildFake_demo,full_synthetic,1,0,0.0013723373413085
scale_0.5,false_negative,12,WildFake_demo/Images/Diffusion_based/DALLE/Advanced/DALLE3/dalle3/20231102143933b82206831d45b85d/f4cf1a720f9da74cf4d233ffd9247362.jpg,WildFake_demo,full_synthetic,1,0,0.0015363693237304
scale_0.25,false_positive,1,WildFake_demo/Images/Real/coco/coco2017/val2017/img159953.jpg,WildFake_demo,real,0,1,0.99609375
scale_0.25,false_positive,2,WildFake_demo/Images/Real/coco/coco2017/val2017/img162494.jpg,WildFake_demo,real,0,1,0.99560546875
scale_0.25,false_positive,3,WildFake_demo/Images/Real/coco/coco2017/val2017/img162276.jpg,WildFake_demo,real,0,1,0.9912109375
scale_0.25,false_positive,4,WildFake_demo/Images/Real/coco/coco2017/val2017/img162283.jpg,WildFake_demo,real,0,1,0.99072265625
scale_0.25,false_positive,5,WildFake_demo/Images/Real/coco/coco2017/val2017/img161393.jpg,WildFake_demo,real,0,1,0.990234375
scale_0.25,false_positive,6,WildFake_demo/Images/Real/coco/coco2017/val2017/img161591.jpg,WildFake_demo,real,0,1,0.9873046875
scale_0.25,false_positive,7,WildFake_demo/Images/Real/coco/coco2017/val2017/img159667.jpg,WildFake_demo,real,0,1,0.98583984375
scale_0.25,false_positive,8,WildFake_demo/Images/Real/coco/coco2017/val2017/img161458.jpg,WildFake_demo,real,0,1,0.98486328125
scale_0.25,false_positive,9,WildFake_demo/Images/Real/coco/coco2017/val2017/img162566.jpg,WildFake_demo,real,0,1,0.98388671875
scale_0.25,false_positive,10,WildFake_demo/Images/Real/coco/coco2017/val2017/img162687.jpg,WildFake_demo,real,0,1,0.98388671875
scale_0.25,false_positive,11,WildFake_demo/Images/Real/coco/coco2017/val2017/img160645.jpg,WildFake_demo,real,0,1,0.97802734375
scale_0.25,false_positive,12,WildFake_demo/Images/Real/coco/coco2017/val2017/img159502.jpg,WildFake_demo,real,0,1,0.9775390625
scale_0.25,false_negative,1,WildFake_demo/Images/Diffusion_based/DALLE/Advanced/DALLE3/dalle3/202311070924598319e76b1a88ba6c/8148d0b6ad70932b3f6c4ec560e8c152.jpg,WildFake_demo,full_synthetic,1,0,0.0005569458007812
scale_0.25,false_negative,2,WildFake_demo/Images/Diffusion_based/DALLE/Advanced/DALLE3/dalle3/2023110215025084768300d30fc34f/bc00fc97be21aeb32cf1b02135f5dbed.jpg,WildFake_demo,full_synthetic,1,0,0.0006694793701171
scale_0.25,false_negative,3,WildFake_demo/Images/Diffusion_based/DALLE/Advanced/DALLE3/dalle3/202311011943129901ca391019566e/129c9496f9fb40acffb64cbdafcdb889.jpg,WildFake_demo,full_synthetic,1,0,0.0007123947143554
scale_0.25,false_negative,4,WildFake_demo/Images/Diffusion_based/DALLE/Advanced/DALLE3/dalle3/202311011943129901ca391019566e/a6fee19a25b72d87e762b8b5ed5986cf.jpg,WildFake_demo,full_synthetic,1,0,0.0007295608520507
scale_0.25,false_negative,5,WildFake_demo/Images/Diffusion_based/DALLE/Advanced/DALLE3/dalle3/202311011943129901ca391019566e/a4c1a07ecb0a5cd6f2ca29572120f434.jpg,WildFake_demo,full_synthetic,1,0,0.0007643699645996
scale_0.25,false_negative,6,WildFake_demo/Images/Diffusion_based/DALLE/Advanced/DALLE3/dalle3/202311070924598319e76b1a88ba6c/e0913d5b9eb0a2c74bc377d336f276c1.jpg,WildFake_demo,full_synthetic,1,0,0.0010948181152343
scale_0.25,false_negative,7,WildFake_demo/Images/Diffusion_based/DALLE/Advanced/DALLE3/dalle3/20231103102150b17aad067ad7e034/dde040947d7f2ea164c178f5b7dad202.jpg,WildFake_demo,full_synthetic,1,0,0.0011787414550781
scale_0.25,false_negative,8,WildFake_demo/Images/Diffusion_based/DALLE/Advanced/DALLE3/dalle3/20231103102150b17aad067ad7e034/ed4740ee61bd78c461b59c8d1ec73304.jpg,WildFake_demo,full_synthetic,1,0,0.0012550354003906
scale_0.25,false_negative,9,WildFake_demo/Images/Diffusion_based/DALLE/Advanced/DALLE3/dalle3/202311070924598319e76b1a88ba6c/d1c317f2429de20b96a2effdeab4215b.jpg,WildFake_demo,full_synthetic,1,0,0.0014266967773437
scale_0.25,false_negative,10,WildFake_demo/Images/Diffusion_based/DALLE/Advanced/DALLE3/dalle3/202311011943129901ca391019566e/e5532dbbdc43d6d61df4dcb88806612c.jpg,WildFake_demo,full_synthetic,1,0,0.0015668869018554
scale_0.25,false_negative,11,WildFake_demo/Images/Diffusion_based/DALLE/Advanced/DALLE3/dalle3/202311011943129901ca391019566e/24520f53b41d702cb03d64cbbad917d0.jpg,WildFake_demo,full_synthetic,1,0,0.0015792846679687
scale_0.25,false_negative,12,WildFake_demo/Images/Diffusion_based/DALLE/Advanced/DALLE3/dalle3/202311011943129901ca391019566e/45d5e8397ec19935f3c5c76ee3dd5b73.jpg,WildFake_demo,full_synthetic,1,0,0.0016107559204101
noise_0.02,false_positive,1,WildFake_demo/Images/Real/coco/coco2017/val2017/img159274.jpg,WildFake_demo,real,0,1,0.99951171875
noise_0.02,false_positive,2,WildFake_demo/Images/Real/coco/coco2017/val2017/img159953.jpg,WildFake_demo,real,0,1,0.9990234375
noise_0.02,false_positive,3,WildFake_demo/Images/Real/coco/coco2017/val2017/img162925.jpg,WildFake_demo,real,0,1,0.998046875
noise_0.02,false_positive,4,WildFake_demo/Images/Real/coco/coco2017/val2017/img161127.jpg,WildFake_demo,real,0,1,0.998046875
noise_0.02,false_positive,5,WildFake_demo/Images/Real/coco/coco2017/val2017/img159852.jpg,WildFake_demo,real,0,1,0.9970703125
noise_0.02,false_positive,6,WildFake_demo/Images/Real/coco/coco2017/val2017/img161810.jpg,WildFake_demo,real,0,1,0.9951171875
noise_0.02,false_positive,7,WildFake_demo/Images/Real/coco/coco2017/val2017/img162374.jpg,WildFake_demo,real,0,1,0.99462890625
noise_0.02,false_positive,8,WildFake_demo/Images/Real/coco/coco2017/val2017/img159668.jpg,WildFake_demo,real,0,1,0.994140625
noise_0.02,false_positive,9,WildFake_demo/Images/Real/coco/coco2017/val2017/img163762.jpg,WildFake_demo,real,0,1,0.9931640625
noise_0.02,false_positive,10,WildFake_demo/Images/Real/coco/coco2017/val2017/img159599.jpg,WildFake_demo,real,0,1,0.9912109375
noise_0.02,false_positive,11,WildFake_demo/Images/Real/coco/coco2017/val2017/img162560.jpg,WildFake_demo,real,0,1,0.99072265625
noise_0.02,false_positive,12,WildFake_demo/Images/Real/coco/coco2017/val2017/img159464.jpg,WildFake_demo,real,0,1,0.990234375
noise_0.02,false_negative,1,WildFake_demo/Images/Diffusion_based/DALLE/Advanced/DALLE3/dalle3/2023110215025084768300d30fc34f/8148d0b6ad70932b3f6c4ec560e8c152.jpg,WildFake_demo,full_synthetic,1,0,0.0002233982086181
noise_0.02,false_negative,2,WildFake_demo/Images/Diffusion_based/DALLE/Advanced/DALLE3/dalle3/202311011943129901ca391019566e/a4c1a07ecb0a5cd6f2ca29572120f434.jpg,WildFake_demo,full_synthetic,1,0,0.00026535987854
noise_0.02,false_negative,3,WildFake_demo/Images/Diffusion_based/DALLE/Advanced/DALLE3/dalle3/20231103102150b17aad067ad7e034/ecc2b25599ad985c691ba6ab332222d5.jpg,WildFake_demo,full_synthetic,1,0,0.0002801418304443
noise_0.02,false_negative,4,WildFake_demo/Images/Diffusion_based/DALLE/Advanced/DALLE3/dalle3/202311011943129901ca391019566e/ce6f87ad22b653aa7bdc1c8636a9800e.jpg,WildFake_demo,full_synthetic,1,0,0.0003392696380615
noise_0.02,false_negative,5,WildFake_demo/Images/Diffusion_based/DALLE/Advanced/DALLE3/dalle3/20231102143933b82206831d45b85d/10fdc474e8f781bc73079bb4894fbf1b.jpg,WildFake_demo,full_synthetic,1,0,0.0003786087036132
noise_0.02,false_negative,6,WildFake_demo/Images/Diffusion_based/DALLE/Advanced/DALLE3/dalle3/2023110215025084768300d30fc34f/0763e21106d9bb5adb44fafdebba1337.jpg,WildFake_demo,full_synthetic,1,0,0.0003814697265625
noise_0.02,false_negative,7,WildFake_demo/Images/Diffusion_based/DALLE/Advanced/DALLE3/dalle3/202311011943129901ca391019566e/c8fe49d12fdaf9448be99e40ddf05807.jpg,WildFake_demo,full_synthetic,1,0,0.0004060268402099
noise_0.02,false_negative,8,WildFake_demo/Images/Diffusion_based/DALLE/Advanced/DALLE3/dalle3/20231102143933b82206831d45b85d/15dc2786ab014ed8ac6319bff04b5d41.jpg,WildFake_demo,full_synthetic,1,0,0.0004255771636962
noise_0.02,false_negative,9,WildFake_demo/Images/Diffusion_based/DALLE/Advanced/DALLE3/dalle3/20231102143933b82206831d45b85d/f92aa1474e9e467430a4be1e34e65a63.jpg,WildFake_demo,full_synthetic,1,0,0.00042724609375
noise_0.02,false_negative,10,WildFake_demo/Images/Diffusion_based/DALLE/Advanced/DALLE3/dalle3/202311070924598319e76b1a88ba6c/50bcdb27830ca8be95298802a0162ba9.jpg,WildFake_demo,full_synthetic,1,0,0.0004513263702392
noise_0.02,false_negative,11,WildFake_demo/Images/Diffusion_based/DALLE/Advanced/DALLE3/dalle3/202311011943129901ca391019566e/fdc3f52322a2b9f2680145e9edb7f046.jpg,WildFake_demo,full_synthetic,1,0,0.0004746913909912
noise_0.02,false_negative,12,WildFake_demo/Images/Diffusion_based/DALLE/Advanced/DALLE3/dalle3/202311011943129901ca391019566e/41da469d28d6635377588301fe982446.jpg,WildFake_demo,full_synthetic,1,0,0.0005173683166503
noise_0.05,false_positive,1,WildFake_demo/Images/Real/coco/coco2017/val2017/img159274.jpg,WildFake_demo,real,0,1,0.99951171875
noise_0.05,false_positive,2,WildFake_demo/Images/Real/coco/coco2017/val2017/img159099.jpg,WildFake_demo,real,0,1,0.99951171875
noise_0.05,false_positive,3,WildFake_demo/Images/Real/coco/coco2017/val2017/img162925.jpg,WildFake_demo,real,0,1,0.9990234375
noise_0.05,false_positive,4,WildFake_demo/Images/Real/coco/coco2017/val2017/img159599.jpg,WildFake_demo,real,0,1,0.9990234375
noise_0.05,false_positive,5,WildFake_demo/Images/Real/coco/coco2017/val2017/img162844.jpg,WildFake_demo,real,0,1,0.9990234375
noise_0.05,false_positive,6,WildFake_demo/Images/Real/coco/coco2017/val2017/img161309.jpg,WildFake_demo,real,0,1,0.9990234375
noise_0.05,false_positive,7,WildFake_demo/Images/Real/coco/coco2017/val2017/img163474.jpg,WildFake_demo,real,0,1,0.99853515625
noise_0.05,false_positive,8,WildFake_demo/Images/Real/coco/coco2017/val2017/img160234.jpg,WildFake_demo,real,0,1,0.99853515625
noise_0.05,false_positive,9,WildFake_demo/Images/Real/coco/coco2017/val2017/img163607.jpg,WildFake_demo,real,0,1,0.998046875
noise_0.05,false_positive,10,WildFake_demo/Images/Real/coco/coco2017/val2017/img163096.jpg,WildFake_demo,real,0,1,0.99755859375
noise_0.05,false_positive,11,WildFake_demo/Images/Real/coco/coco2017/val2017/img163886.jpg,WildFake_demo,real,0,1,0.9970703125
noise_0.05,false_positive,12,WildFake_demo/Images/Real/coco/coco2017/val2017/img163248.jpg,WildFake_demo,real,0,1,0.9970703125
noise_0.05,false_negative,1,WildFake_demo/Images/Diffusion_based/DALLE/Advanced/DALLE3/dalle3/202311070924598319e76b1a88ba6c/8148d0b6ad70932b3f6c4ec560e8c152.jpg,WildFake_demo,full_synthetic,1,0,0.0002065896987915
noise_0.05,false_negative,2,WildFake_demo/Images/Diffusion_based/DALLE/Advanced/DALLE3/dalle3/202311011943129901ca391019566e/a4c1a07ecb0a5cd6f2ca29572120f434.jpg,WildFake_demo,full_synthetic,1,0,0.0002913475036621
noise_0.05,false_negative,3,WildFake_demo/Images/Diffusion_based/DALLE/Advanced/DALLE3/dalle3/202311070924598319e76b1a88ba6c/50bcdb27830ca8be95298802a0162ba9.jpg,WildFake_demo,full_synthetic,1,0,0.0003583431243896
noise_0.05,false_negative,4,WildFake_demo/Images/Diffusion_based/DALLE/Advanced/DALLE3/dalle3/2023110215025084768300d30fc34f/e0913d5b9eb0a2c74bc377d336f276c1.jpg,WildFake_demo,full_synthetic,1,0,0.0003890991210937
noise_0.05,false_negative,5,WildFake_demo/Images/Diffusion_based/DALLE/Advanced/DALLE3/dalle3/20231103102150b17aad067ad7e034/0763e21106d9bb5adb44fafdebba1337.jpg,WildFake_demo,full_synthetic,1,0,0.0004222393035888
noise_0.05,false_negative,6,WildFake_demo/Images/Diffusion_based/DALLE/Advanced/DALLE3/dalle3/202311011943129901ca391019566e/45d5e8397ec19935f3c5c76ee3dd5b73.jpg,WildFake_demo,full_synthetic,1,0,0.000476598739624
noise_0.05,false_negative,7,WildFake_demo/Images/Diffusion_based/DALLE/Advanced/DALLE3/dalle3/202311011943129901ca391019566e/1bcc29f8fa9394ad10c42d1c3502eba6.jpg,WildFake_demo,full_synthetic,1,0,0.000563621520996
noise_0.05,false_negative,8,WildFake_demo/Images/Diffusion_based/DALLE/Advanced/DALLE3/dalle3/202311011943129901ca391019566e/4b83dccbdb1c2fd84b80b1ddbdcac2e6.jpg,WildFake_demo,full_synthetic,1,0,0.0005931854248046
noise_0.05,false_negative,9,WildFake_demo/Images/Diffusion_based/DALLE/Advanced/DALLE3/dalle3/20231103102150b17aad067ad7e034/fbb50a0d8639aba2dbb265386d3b63f4.jpg,WildFake_demo,full_synthetic,1,0,0.0006070137023925
noise_0.05,false_negative,10,WildFake_demo/Images/Diffusion_based/DALLE/Advanced/DALLE3/dalle3/202311011943129901ca391019566e/1bad98fd644e170c35c005b344810408.jpg,WildFake_demo,full_synthetic,1,0,0.0006289482116699
noise_0.05,false_negative,11,WildFake_demo/Images/Diffusion_based/DALLE/Advanced/DALLE3/dalle3/20231102143933b82206831d45b85d/10374a32c262725500238e814476b74e.jpg,WildFake_demo,full_synthetic,1,0,0.0006361007690429
noise_0.05,false_negative,12,WildFake_demo/Images/Diffusion_based/DALLE/Advanced/DALLE3/dalle3/202311011943129901ca391019566e/fdc3f52322a2b9f2680145e9edb7f046.jpg,WildFake_demo,full_synthetic,1,0,0.0006384849548339
noise_0.10,false_positive,1,WildFake_demo/Images/Real/coco/coco2017/val2017/img159099.jpg,WildFake_demo,real,0,1,0.99951171875
noise_0.10,false_positive,2,WildFake_demo/Images/Real/coco/coco2017/val2017/img159274.jpg,WildFake_demo,real,0,1,0.99951171875
noise_0.10,false_positive,3,WildFake_demo/Images/Real/coco/coco2017/val2017/img162844.jpg,WildFake_demo,real,0,1,0.99951171875
noise_0.10,false_positive,4,WildFake_demo/Images/Real/coco/coco2017/val2017/img162937.jpg,WildFake_demo,real,0,1,0.99951171875
noise_0.10,false_positive,5,WildFake_demo/Images/Real/coco/coco2017/val2017/img161309.jpg,WildFake_demo,real,0,1,0.99951171875
noise_0.10,false_positive,6,WildFake_demo/Images/Real/coco/coco2017/val2017/img163096.jpg,WildFake_demo,real,0,1,0.9990234375
noise_0.10,false_positive,7,WildFake_demo/Images/Real/coco/coco2017/val2017/img163474.jpg,WildFake_demo,real,0,1,0.9990234375
noise_0.10,false_positive,8,WildFake_demo/Images/Real/coco/coco2017/val2017/img159599.jpg,WildFake_demo,real,0,1,0.9990234375
noise_0.10,false_positive,9,WildFake_demo/Images/Real/coco/coco2017/val2017/img163248.jpg,WildFake_demo,real,0,1,0.9990234375
noise_0.10,false_positive,10,WildFake_demo/Images/Real/coco/coco2017/val2017/img162118.jpg,WildFake_demo,real,0,1,0.9990234375
noise_0.10,false_positive,11,WildFake_demo/Images/Real/coco/coco2017/val2017/img161111.jpg,WildFake_demo,real,0,1,0.9990234375
noise_0.10,false_positive,12,WildFake_demo/Images/Real/coco/coco2017/val2017/img160234.jpg,WildFake_demo,real,0,1,0.9990234375
noise_0.10,false_negative,1,WildFake_demo/Images/Diffusion_based/DALLE/Advanced/DALLE3/dalle3/20231102143933b82206831d45b85d/8148d0b6ad70932b3f6c4ec560e8c152.jpg,WildFake_demo,full_synthetic,1,0,0.0002613067626953
noise_0.10,false_negative,2,WildFake_demo/Images/Diffusion_based/DALLE/Advanced/DALLE3/dalle3/202311070924598319e76b1a88ba6c/50bcdb27830ca8be95298802a0162ba9.jpg,WildFake_demo,full_synthetic,1,0,0.0003328323364257
noise_0.10,false_negative,3,WildFake_demo/Images/Diffusion_based/DALLE/Advanced/DALLE3/dalle3/202311011943129901ca391019566e/a4c1a07ecb0a5cd6f2ca29572120f434.jpg,WildFake_demo,full_synthetic,1,0,0.0003612041473388
noise_0.10,false_negative,4,WildFake_demo/Images/Diffusion_based/DALLE/Advanced/DALLE3/dalle3/202311011943129901ca391019566e/5beae974af6ddc04f197246d47818463.jpg,WildFake_demo,full_synthetic,1,0,0.0004618167877197
noise_0.10,false_negative,5,WildFake_demo/Images/Diffusion_based/DALLE/Advanced/DALLE3/dalle3/20231102143933b82206831d45b85d/e0913d5b9eb0a2c74bc377d336f276c1.jpg,WildFake_demo,full_synthetic,1,0,0.0005273818969726
noise_0.10,false_negative,6,WildFake_demo/Images/Diffusion_based/DALLE/Advanced/DALLE3/dalle3/202311070924598319e76b1a88ba6c/10ba5beb10686307887a86e9f15fff63.jpg,WildFake_demo,full_synthetic,1,0,0.0005378723144531
noise_0.10,false_negative,7,WildFake_demo/Images/Diffusion_based/DALLE/Advanced/DALLE3/dalle3/20231103102150b17aad067ad7e034/0763e21106d9bb5adb44fafdebba1337.jpg,WildFake_demo,full_synthetic,1,0,0.0010042190551757
noise_0.10,false_negative,8,WildFake_demo/Images/Diffusion_based/DALLE/Advanced/DALLE3/dalle3/202311011943129901ca391019566e/45d5e8397ec19935f3c5c76ee3dd5b73.jpg,WildFake_demo,full_synthetic,1,0,0.001011848449707
noise_0.10,false_negative,9,WildFake_demo/Images/Diffusion_based/DALLE/Advanced/DALLE3/dalle3/20231103102150b17aad067ad7e034/10374a32c262725500238e814476b74e.jpg,WildFake_demo,full_synthetic,1,0,0.0010242462158203
noise_0.10,false_negative,10,WildFake_demo/Images/Diffusion_based/DALLE/Advanced/DALLE3/dalle3/20231103102150b17aad067ad7e034/ffe0cda87f43bd70b99f7c5850d24474.jpg,WildFake_demo,full_synthetic,1,0,0.0010280609130859
noise_0.10,false_negative,11,WildFake_demo/Images/Diffusion_based/DALLE/Advanced/DALLE3/dalle3/202311011943129901ca391019566e/27603ed699b0cdcba8f93b98f7c26c18.jpg,WildFake_demo,full_synthetic,1,0,0.001077651977539
noise_0.10,false_negative,12,WildFake_demo/Images/Diffusion_based/DALLE/Advanced/DALLE3/dalle3/202311011943129901ca391019566e/f3969cbaa698d69874ad67eda89fc187.jpg,WildFake_demo,full_synthetic,1,0,0.0013303756713867
color_-0.20,false_positive,1,WildFake_demo/Images/Real/coco/coco2017/val2017/img160671.jpg,WildFake_demo,real,0,1,1.0
color_-0.20,false_positive,2,WildFake_demo/Images/Real/coco/coco2017/val2017/img162572.jpg,WildFake_demo,real,0,1,1.0
color_-0.20,false_positive,3,WildFake_demo/Images/Real/coco/coco2017/val2017/img161559.jpg,WildFake_demo,real,0,1,1.0
color_-0.20,false_positive,4,WildFake_demo/Images/Real/coco/coco2017/val2017/img163770.jpg,WildFake_demo,real,0,1,1.0
color_-0.20,false_positive,5,WildFake_demo/Images/Real/coco/coco2017/val2017/img163244.jpg,WildFake_demo,real,0,1,0.99951171875
color_-0.20,false_positive,6,WildFake_demo/Images/Real/coco/coco2017/val2017/img162681.jpg,WildFake_demo,real,0,1,0.99951171875
color_-0.20,false_positive,7,WildFake_demo/Images/Real/coco/coco2017/val2017/img162578.jpg,WildFake_demo,real,0,1,0.99951171875
color_-0.20,false_positive,8,WildFake_demo/Images/Real/coco/coco2017/val2017/img161565.jpg,WildFake_demo,real,0,1,0.99951171875
color_-0.20,false_positive,9,WildFake_demo/Images/Real/coco/coco2017/val2017/img159953.jpg,WildFake_demo,real,0,1,0.99951171875
color_-0.20,false_positive,10,WildFake_demo/Images/Real/coco/coco2017/val2017/img161450.jpg,WildFake_demo,real,0,1,0.99951171875
color_-0.20,false_positive,11,WildFake_demo/Images/Real/coco/coco2017/val2017/img160392.jpg,WildFake_demo,real,0,1,0.99951171875
color_-0.20,false_positive,12,WildFake_demo/Images/Real/coco/coco2017/val2017/img162959.jpg,WildFake_demo,real,0,1,0.99951171875
color_-0.20,false_negative,1,WildFake_demo/Images/Diffusion_based/DALLE/Advanced/DALLE3/dalle3/202311070924598319e76b1a88ba6c/50bcdb27830ca8be95298802a0162ba9.jpg,WildFake_demo,full_synthetic,1,0,0.0002715587615966
color_-0.20,false_negative,2,WildFake_demo/Images/Diffusion_based/DALLE/Advanced/DALLE3/dalle3/2023110215025084768300d30fc34f/0763e21106d9bb5adb44fafdebba1337.jpg,WildFake_demo,full_synthetic,1,0,0.0003354549407958
color_-0.20,false_negative,3,WildFake_demo/Images/Diffusion_based/DALLE/Advanced/DALLE3/dalle3/202311011943129901ca391019566e/f3969cbaa698d69874ad67eda89fc187.jpg,WildFake_demo,full_synthetic,1,0,0.0006694793701171
color_-0.20,false_negative,4,WildFake_demo/Images/Diffusion_based/DALLE/Advanced/DALLE3/dalle3/20231103102150b17aad067ad7e034/e0913d5b9eb0a2c74bc377d336f276c1.jpg,WildFake_demo,full_synthetic,1,0,0.0011510848999023
color_-0.20,false_negative,5,WildFake_demo/Images/Diffusion_based/DALLE/Advanced/DALLE3/dalle3/20231103102150b17aad067ad7e034/8148d0b6ad70932b3f6c4ec560e8c152.jpg,WildFake_demo,full_synthetic,1,0,0.001810073852539
color_-0.20,false_negative,6,WildFake_demo/Images/Diffusion_based/DALLE/Advanced/DALLE3/dalle3/202311070924598319e76b1a88ba6c/0fb595c6b83dbfc3d0d13fa93b91cadc.jpg,WildFake_demo,full_synthetic,1,0,0.0023689270019531
color_-0.20,false_negative,7,WildFake_demo/Images/Diffusion_based/DALLE/Advanced/DALLE3/dalle3/202311011943129901ca391019566e/f6b1c0628a1c3799fe0efe36999ece90.jpg,WildFake_demo,full_synthetic,1,0,0.0024147033691406
color_-0.20,false_negative,8,WildFake_demo/Images/Diffusion_based/DALLE/Advanced/DALLE3/dalle3/202311070924598319e76b1a88ba6c/73a39673d6aa75a508c03e500cf2e37a.jpg,WildFake_demo,full_synthetic,1,0,0.0026416778564453
color_-0.20,false_negative,9,WildFake_demo/Images/Diffusion_based/DALLE/Advanced/DALLE3/dalle3/202311011943129901ca391019566e/41da469d28d6635377588301fe982446.jpg,WildFake_demo,full_synthetic,1,0,0.0027675628662109
color_-0.20,false_negative,10,WildFake_demo/Images/Diffusion_based/DALLE/Advanced/DALLE3/dalle3/202311011943129901ca391019566e/d7f10ab49457b8ee683c1ad905bd286e.jpg,WildFake_demo,full_synthetic,1,0,0.0029354095458984
color_-0.20,false_negative,11,WildFake_demo/Images/Diffusion_based/DALLE/Advanced/DALLE3/dalle3/202311011943129901ca391019566e/45d5e8397ec19935f3c5c76ee3dd5b73.jpg,WildFake_demo,full_synthetic,1,0,0.0030155181884765
color_-0.20,false_negative,12,WildFake_demo/Images/Diffusion_based/DALLE/Advanced/DALLE3/dalle3/202311070924598319e76b1a88ba6c/c5097ad662b67c9af001724e3a102d3c.jpg,WildFake_demo,full_synthetic,1,0,0.0032730102539062
color_0.20,false_positive,1,WildFake_demo/Images/Real/coco/coco2017/val2017/img163818.jpg,WildFake_demo,real,0,1,1.0
color_0.20,false_positive,2,WildFake_demo/Images/Real/coco/coco2017/val2017/img159707.jpg,WildFake_demo,real,0,1,1.0
color_0.20,false_positive,3,WildFake_demo/Images/Real/coco/coco2017/val2017/img161863.jpg,WildFake_demo,real,0,1,0.99951171875
color_0.20,false_positive,4,WildFake_demo/Images/Real/coco/coco2017/val2017/img159953.jpg,WildFake_demo,real,0,1,0.99951171875
color_0.20,false_positive,5,WildFake_demo/Images/Real/coco/coco2017/val2017/img162560.jpg,WildFake_demo,real,0,1,0.9990234375
color_0.20,false_positive,6,WildFake_demo/Images/Real/coco/coco2017/val2017/img160163.jpg,WildFake_demo,real,0,1,0.9990234375
color_0.20,false_positive,7,WildFake_demo/Images/Real/coco/coco2017/val2017/img160993.jpg,WildFake_demo,real,0,1,0.9990234375
color_0.20,false_positive,8,WildFake_demo/Images/Real/coco/coco2017/val2017/img159852.jpg,WildFake_demo,real,0,1,0.99853515625
color_0.20,false_positive,9,WildFake_demo/Images/Real/coco/coco2017/val2017/img161810.jpg,WildFake_demo,real,0,1,0.99853515625
color_0.20,false_positive,10,WildFake_demo/Images/Real/coco/coco2017/val2017/img163762.jpg,WildFake_demo,real,0,1,0.99853515625
color_0.20,false_positive,11,WildFake_demo/Images/Real/coco/coco2017/val2017/img159228.jpg,WildFake_demo,real,0,1,0.998046875
color_0.20,false_positive,12,WildFake_demo/Images/Real/coco/coco2017/val2017/img160736.jpg,WildFake_demo,real,0,1,0.998046875
color_0.20,false_negative,1,WildFake_demo/Images/Diffusion_based/DALLE/Advanced/DALLE3/dalle3/202311011943129901ca391019566e/be72f166363120651f31542d4daed408.jpg,WildFake_demo,full_synthetic,1,0,0.0006933212280273
color_0.20,false_negative,2,WildFake_demo/Images/Diffusion_based/DALLE/Advanced/DALLE3/dalle3/202311070924598319e76b1a88ba6c/18f690beb924721883a47f1802e44fde.jpg,WildFake_demo,full_synthetic,1,0,0.000746726989746
color_0.20,false_negative,3,WildFake_demo/Images/Diffusion_based/DALLE/Advanced/DALLE3/dalle3/202311070924598319e76b1a88ba6c/50bcdb27830ca8be95298802a0162ba9.jpg,WildFake_demo,full_synthetic,1,0,0.0008168220520019
color_0.20,false_negative,4,WildFake_demo/Images/Diffusion_based/DALLE/Advanced/DALLE3/dalle3/202311011943129901ca391019566e/623c0a74ec9139e8c582f68a1925411a.jpg,WildFake_demo,full_synthetic,1,0,0.0008330345153808
color_0.20,false_negative,5,WildFake_demo/Images/Diffusion_based/DALLE/Advanced/DALLE3/dalle3/20231102143933b82206831d45b85d/8148d0b6ad70932b3f6c4ec560e8c152.jpg,WildFake_demo,full_synthetic,1,0,0.0008625984191894
color_0.20,false_negative,6,WildFake_demo/Images/Diffusion_based/DALLE/Advanced/DALLE3/dalle3/202311011943129901ca391019566e/edc0ae92b84620fd57f2a72508c01e67.jpg,WildFake_demo,full_synthetic,1,0,0.0009326934814453
color_0.20,false_negative,7,WildFake_demo/Images/Diffusion_based/DALLE/Advanced/DALLE3/dalle3/202311011943129901ca391019566e/a4c1a07ecb0a5cd6f2ca29572120f434.jpg,WildFake_demo,full_synthetic,1,0,0.0010862350463867
color_0.20,false_negative,8,WildFake_demo/Images/Diffusion_based/DALLE/Advanced/DALLE3/dalle3/202311070924598319e76b1a88ba6c/c5097ad662b67c9af001724e3a102d3c.jpg,WildFake_demo,full_synthetic,1,0,0.0011606216430664
color_0.20,false_negative,9,WildFake_demo/Images/Diffusion_based/DALLE/Advanced/DALLE3/dalle3/20231102143933b82206831d45b85d/f104d8a186f1cc92ce6b17b5d69506bd.jpg,WildFake_demo,full_synthetic,1,0,0.0014047622680664
color_0.20,false_negative,10,WildFake_demo/Images/Diffusion_based/DALLE/Advanced/DALLE3/dalle3/2023110215025084768300d30fc34f/55430d6c5ebb7e7219844b955ac63eba.jpg,WildFake_demo,full_synthetic,1,0,0.0014724731445312
color_0.20,false_negative,11,WildFake_demo/Images/Diffusion_based/DALLE/Advanced/DALLE3/dalle3/202311011943129901ca391019566e/20abed32990a6c32807bc52b68f8c116.jpg,WildFake_demo,full_synthetic,1,0,0.0016546249389648
color_0.20,false_negative,12,WildFake_demo/Images/Diffusion_based/DALLE/Advanced/DALLE3/dalle3/20231103102150b17aad067ad7e034/f4cf1a720f9da74cf4d233ffd9247362.jpg,WildFake_demo,full_synthetic,1,0,0.0017070770263671
crop_0.80,false_positive,1,WildFake_demo/Images/Real/coco/coco2017/val2017/img159953.jpg,WildFake_demo,real,0,1,0.99951171875
crop_0.80,false_positive,2,WildFake_demo/Images/Real/coco/coco2017/val2017/img163864.jpg,WildFake_demo,real,0,1,0.9990234375
crop_0.80,false_positive,3,WildFake_demo/Images/Real/coco/coco2017/val2017/img162473.jpg,WildFake_demo,real,0,1,0.9990234375
crop_0.80,false_positive,4,WildFake_demo/Images/Real/coco/coco2017/val2017/img161722.jpg,WildFake_demo,real,0,1,0.9970703125
crop_0.80,false_positive,5,WildFake_demo/Images/Real/coco/coco2017/val2017/img159852.jpg,WildFake_demo,real,0,1,0.99462890625
crop_0.80,false_positive,6,WildFake_demo/Images/Real/coco/coco2017/val2017/img159278.jpg,WildFake_demo,real,0,1,0.99365234375
crop_0.80,false_positive,7,WildFake_demo/Images/Real/coco/coco2017/val2017/img160993.jpg,WildFake_demo,real,0,1,0.99365234375
crop_0.80,false_positive,8,WildFake_demo/Images/Real/coco/coco2017/val2017/img162276.jpg,WildFake_demo,real,0,1,0.9931640625
crop_0.80,false_positive,9,WildFake_demo/Images/Real/coco/coco2017/val2017/img162348.jpg,WildFake_demo,real,0,1,0.9921875
crop_0.80,false_positive,10,WildFake_demo/Images/Real/coco/coco2017/val2017/img163762.jpg,WildFake_demo,real,0,1,0.9912109375
crop_0.80,false_positive,11,WildFake_demo/Images/Real/coco/coco2017/val2017/img161581.jpg,WildFake_demo,real,0,1,0.990234375
crop_0.80,false_positive,12,WildFake_demo/Images/Real/coco/coco2017/val2017/img160221.jpg,WildFake_demo,real,0,1,0.98974609375
crop_0.80,false_negative,1,WildFake_demo/Images/Diffusion_based/DALLE/Advanced/DALLE3/dalle3/202311070924598319e76b1a88ba6c/d1c317f2429de20b96a2effdeab4215b.jpg,WildFake_demo,full_synthetic,1,0,0.0002002716064453
crop_0.80,false_negative,2,WildFake_demo/Images/Diffusion_based/DALLE/Advanced/DALLE3/dalle3/20231102143933b82206831d45b85d/ecc2b25599ad985c691ba6ab332222d5.jpg,WildFake_demo,full_synthetic,1,0,0.0002323389053344
crop_0.80,false_negative,3,WildFake_demo/Images/Diffusion_based/DALLE/Advanced/DALLE3/dalle3/2023110215025084768300d30fc34f/0f92f8331c3c80beee1676140dd006a3.jpg,WildFake_demo,full_synthetic,1,0,0.0002591609954833
crop_0.80,false_negative,4,WildFake_demo/Images/Diffusion_based/DALLE/Advanced/DALLE3/dalle3/202311011943129901ca391019566e/044f4f988518587886dc78b7d1da2b45.jpg,WildFake_demo,full_synthetic,1,0,0.00026535987854
crop_0.80,false_negative,5,WildFake_demo/Images/Diffusion_based/DALLE/Advanced/DALLE3/dalle3/202311011943129901ca391019566e/fbc64c5d00016f7d60ce41c6e055a9a3.jpg,WildFake_demo,full_synthetic,1,0,0.0002937316894531
crop_0.80,false_negative,6,WildFake_demo/Images/Diffusion_based/DALLE/Advanced/DALLE3/dalle3/20231102143933b82206831d45b85d/160acb9076feae89d6c0ef45911b13f7.jpg,WildFake_demo,full_synthetic,1,0,0.000300645828247
crop_0.80,false_negative,7,WildFake_demo/Images/Diffusion_based/DALLE/Advanced/DALLE3/dalle3/20231102143933b82206831d45b85d/9f515cb0da9a0b47950a1b17cfa9fe0d.jpg,WildFake_demo,full_synthetic,1,0,0.0003199577331542
crop_0.80,false_negative,8,WildFake_demo/Images/Diffusion_based/DALLE/Advanced/DALLE3/dalle3/202311011943129901ca391019566e/30736792ffea71cb6ad31d157f99af48.jpg,WildFake_demo,full_synthetic,1,0,0.0003199577331542
crop_0.80,false_negative,9,WildFake_demo/Images/Diffusion_based/DALLE/Advanced/DALLE3/dalle3/202311070924598319e76b1a88ba6c/b50f0f8c2a63ee755d32abe9e2835587.jpg,WildFake_demo,full_synthetic,1,0,0.0003225803375244
crop_0.80,false_negative,10,WildFake_demo/Images/Diffusion_based/DALLE/Advanced/DALLE3/dalle3/2023110215025084768300d30fc34f/b2426cc4c495f2679b7dc5e7db29e473.jpg,WildFake_demo,full_synthetic,1,0,0.0003328323364257
crop_0.80,false_negative,11,WildFake_demo/Images/Diffusion_based/DALLE/Advanced/DALLE3/dalle3/202311011943129901ca391019566e/cfcb48d130cc7d82b21d19f6da260d16.jpg,WildFake_demo,full_synthetic,1,0,0.0003488063812255
crop_0.80,false_negative,12,WildFake_demo/Images/Diffusion_based/DALLE/Advanced/DALLE3/dalle3/202311070924598319e76b1a88ba6c/c73db9e07daad5c11b30a46817c09991.jpg,WildFake_demo,full_synthetic,1,0,0.0003654956817626
